Package,post,N,A,Ce,Ca,I,D,,pkgCohesion,pkgCoupling,pkgCyclDepss,pkgCyclpkgs,Package Name 
com.ibm.oti.vm,0,1,0,1,1,0.5,0.5,,0,0,1,1,com.ibm.oti.vm
com.sun.jdi,0,63,2.705882353,5,19,0.208333333,1.914215686,,0.19047619,0.793650794,1,1,com.sun.jdi
com.sun.jdi.connect,0,7,2.5,4,5,0.444444444,1.944444444,,0.333333333,0.777777778,1,1,com.sun.jdi.connect
com.sun.jdi.event,0,20,0,4,6,0.4,0.6,,0,0,0,0,com.sun.jdi.event
com.sun.jdi.request,0,18,8,3,9,0.25,7.25,,0.333333333,0.666666667,1,1,com.sun.jdi.request
org.eclipse.ant.core,13,2,0,7,5,0.583333333,0.416666667,,0.083333333,0.708333333,0.958333333,0.958333333,org.eclipse.ant.core
org.eclipse.ant.internal.core,2,6,0.2,7,3,0.7,0.1,,0.185185185,0.851851852,0.962962963,0.962962963,org.eclipse.ant.internal.core
org.eclipse.ant.internal.core.ant,31,3,0,7,0,0,1,,0.272727273,0.727272727,1,1,org.eclipse.ant.internal.core.ant
org.eclipse.compare,1,19,1.375,25,10,0.714285714,1.089285714,,0.121621622,0.810810811,0.939189189,0.986486486,org.eclipse.compare
org.eclipse.compare.contentmergeviewer,0,6,2,27,4,0.870967742,1.870967742,,0.046728972,0.785046729,0.990654206,0.990654206,org.eclipse.compare.contentmergeviewer
org.eclipse.compare.internal,1,54,0.2,34,6,0.85,0.05,,0.185520362,0.85520362,0.936651584,0.986425339,org.eclipse.compare.internal
org.eclipse.compare.internal.patch,1,12,0,29,0,0,1,,0.111111111,0.757575758,1,1,org.eclipse.compare.internal.patch
org.eclipse.compare.rangedifferencer,0,5,0.25,4,1,0.8,0.05,,0.625,0.625,1,1,org.eclipse.compare.rangedifferencer
org.eclipse.compare.structuremergeviewer,0,13,1.6,16,10,0.615384615,1.215384615,,0.118811881,0.821782178,0.99009901,0.97029703,org.eclipse.compare.structuremergeviewer
org.eclipse.core.boot,0,3,2,4,18,0.181818182,1.181818182,,0.057142857,0.514285714,0.971428571,0.971428571,org.eclipse.core.boot
org.eclipse.core.internal.boot,2,13,0.181818182,9,7,0.5625,0.255681818,,0.464285714,0.714285714,0.964285714,0.964285714,org.eclipse.core.internal.boot
org.eclipse.core.internal.dtree,0,17,0.307692308,4,2,0.666666667,0.025641026,,0.53125,0.875,1,1,org.eclipse.core.internal.dtree
org.eclipse.core.internal.events,4,13,0.083333333,9,3,0.75,0.166666667,,0.166666667,0.916666667,0.944444444,0.972222222,org.eclipse.core.internal.events
org.eclipse.core.internal.indexing,0,39,0.3,4,2,0.666666667,0.033333333,,0.847826087,0.934782609,1,1,org.eclipse.core.internal.indexing
org.eclipse.core.internal.localstore,7,20,0.25,9,1,0.9,0.15,,0.219178082,0.917808219,0.863013699,0.98630137,org.eclipse.core.internal.localstore
org.eclipse.core.internal.plugins,5,20,0.111111111,12,4,0.75,0.138888889,,0.285714286,0.904761905,0.936507937,0.952380952,org.eclipse.core.internal.plugins
org.eclipse.core.internal.properties,0,8,0.142857143,8,2,0.8,0.057142857,,0.186046512,0.860465116,0.88372093,0.976744186,org.eclipse.core.internal.properties
org.eclipse.core.internal.resources,10,61,0.150943396,17,4,0.80952381,0.039532794,,0.378205128,0.935897436,0.891025641,0.974358974,org.eclipse.core.internal.resources
org.eclipse.core.internal.runtime,2,19,0,11,6,0.647058824,0.352941176,,0.25,0.894736842,0.763157895,0.960526316,org.eclipse.core.internal.runtime
org.eclipse.core.internal.utils,0,12,0.090909091,9,9,0.5,0.409090909,,0.1,0.888888889,1,0.988888889,org.eclipse.core.internal.utils
org.eclipse.core.internal.watson,0,16,0.6,6,3,0.666666667,0.266666667,,0.355555556,0.888888889,1,1,org.eclipse.core.internal.watson
org.eclipse.core.launcher,0,2,0,7,0,0,1,,0,0,0,0,org.eclipse.core.launcher
org.eclipse.core.resources,7,31,14.5,8,142,0.053333333,13.55333333,,0.027559055,0.665354331,0.984251969,0.988188976,org.eclipse.core.resources
org.eclipse.core.resources.ant,0,4,0,8,0,0,1,,0.1875,0.8125,1,1,org.eclipse.core.resources.ant
org.eclipse.core.resources.team,0,2,0,2,6,0.25,0.75,,0,0,0,0,org.eclipse.core.resources.team
org.eclipse.core.runtime,0,31,1.818181818,9,206,0.041860465,0.860042283,,0.015554115,0.872974725,0.996111471,0.998055736,org.eclipse.core.runtime
org.eclipse.core.runtime.model,1,13,0.181818182,6,8,0.428571429,0.38961039,,0.213114754,0.868852459,0.967213115,0.950819672,org.eclipse.core.runtime.model
org.eclipse.debug.core,1,19,3.75,7,26,0.212121212,2.962121212,,0.155,0.87,0.96,0.99,org.eclipse.debug.core
org.eclipse.debug.core.model,1,26,0,7,25,0.21875,0.78125,,0.173913043,0.782608696,1,1,org.eclipse.debug.core.model
org.eclipse.debug.internal.core,3,15,0,11,3,0.785714286,0.214285714,,0.214285714,0.928571429,0.957142857,0.971428571,org.eclipse.debug.internal.core
org.eclipse.debug.internal.ui,0,14,0.272727273,29,9,0.763157895,0.035885167,,0.070967742,0.819354839,0.941935484,0.974193548,org.eclipse.debug.internal.ui
org.eclipse.debug.internal.ui.actions,4,56,0.272727273,29,3,0.90625,0.178977273,,0.313829787,0.856382979,0.989361702,0.989361702,org.eclipse.debug.internal.ui.actions
org.eclipse.debug.internal.ui.launchConfigurations,6,10,0,34,4,0.894736842,0.105263158,,0.06870229,0.79389313,0.984732824,0.977099237,org.eclipse.debug.internal.ui.launchConfigurations
org.eclipse.debug.internal.ui.preferences,1,16,0.142857143,23,5,0.821428571,0.035714286,,0.146788991,0.798165138,0.990825688,0.981651376,org.eclipse.debug.internal.ui.preferences
org.eclipse.debug.internal.ui.views,0,4,3,5,4,0.555555556,2.555555556,,0.090909091,0.681818182,1,1,org.eclipse.debug.internal.ui.views
org.eclipse.debug.internal.ui.views.breakpoints,0,4,0,13,0,0,1,,0.105263158,0.657894737,1,1,org.eclipse.debug.internal.ui.views.breakpoints
org.eclipse.debug.internal.ui.views.console,2,6,0,24,2,0.923076923,0.076923077,,0.065934066,0.758241758,0.967032967,0.978021978,org.eclipse.debug.internal.ui.views.console
org.eclipse.debug.internal.ui.views.expression,0,3,0,11,0,0,1,,0.09375,0.6875,1,1,org.eclipse.debug.internal.ui.views.expression
org.eclipse.debug.internal.ui.views.launch,7,4,0,22,0,0,1,,0.04040404,0.787878788,1,1,org.eclipse.debug.internal.ui.views.launch
org.eclipse.debug.internal.ui.views.variables,4,4,0,23,2,0.92,0.08,,0.045454545,0.738636364,0.988636364,0.988636364,org.eclipse.debug.internal.ui.views.variables
org.eclipse.debug.ui,3,14,6,27,17,0.613636364,5.613636364,,0.070512821,0.769230769,0.993589744,0.987179487,org.eclipse.debug.ui
org.eclipse.debug.ui.actions,0,2,0,2,0,0,1,,0.75,0.75,1,1,org.eclipse.debug.ui.actions
org.eclipse.help,0,8,7,3,11,0.214285714,6.214285714,,0.083333333,0.75,1,1,org.eclipse.help
org.eclipse.help.internal,0,3,0,10,7,0.588235294,0.411764706,,0.076923077,0.769230769,0.923076923,0.871794872,org.eclipse.help.internal
org.eclipse.help.internal.context,1,10,0.111111111,12,3,0.8,0.088888889,,0.344827586,0.75862069,0.965517241,0.965517241,org.eclipse.help.internal.context
org.eclipse.help.internal.protocols,0,13,0,12,0,0,1,,0.342105263,0.815789474,1,1,org.eclipse.help.internal.protocols
org.eclipse.help.internal.proxy.protocol,0,1,0,5,5,0.5,0.5,,0,0,1,1,org.eclipse.help.internal.proxy.protocol
org.eclipse.help.internal.proxy.protocol.help,0,1,0,3,0,0,1,,0,0,1,1,org.eclipse.help.internal.proxy.protocol.help
org.eclipse.help.internal.proxy.protocol.links,0,1,0,3,0,0,1,,0,0,1,1,org.eclipse.help.internal.proxy.protocol.links
org.eclipse.help.internal.proxy.protocol.livehelp,0,1,0,3,0,0,1,,0,0,1,1,org.eclipse.help.internal.proxy.protocol.livehelp
org.eclipse.help.internal.proxy.protocol.platform,0,1,0,3,0,0,1,,0,0,1,1,org.eclipse.help.internal.proxy.protocol.platform
org.eclipse.help.internal.proxy.protocol.search,0,1,0,3,0,0,1,,0,0,1,1,org.eclipse.help.internal.proxy.protocol.search
org.eclipse.help.internal.search,1,17,0.133333333,10,2,0.833333333,0.033333333,,0.384615385,0.846153846,0.974358974,0.974358974,org.eclipse.help.internal.search
org.eclipse.help.internal.toc,1,13,0.181818182,12,5,0.705882353,0.112299465,,0.292682927,0.804878049,0.975609756,0.975609756,org.eclipse.help.internal.toc
org.eclipse.help.internal.util,0,11,0,8,7,0.533333333,0.466666667,,0.175438596,0.859649123,1,0.98245614,org.eclipse.help.internal.util
org.eclipse.help.servlet,4,13,0.083333333,7,0,0,0.916666667,,1,1,1,1,org.eclipse.help.servlet
org.eclipse.help.standalone,0,2,0,7,0,0,1,,1,1,1,1,org.eclipse.help.standalone
org.eclipse.help.ui.browser,0,3,2,8,8,0.5,1.5,,0.090909091,0.363636364,1,1,org.eclipse.help.ui.browser
org.eclipse.help.ui.internal,0,11,0.222222222,25,5,0.833333333,0.055555556,,0.102564103,0.692307692,0.974358974,0.974358974,org.eclipse.help.ui.internal
org.eclipse.help.ui.internal.browser,0,3,0,12,3,0.8,0.2,,0.103448276,0.586206897,0.965517241,0.931034483,org.eclipse.help.ui.internal.browser
org.eclipse.help.ui.internal.browser.aix,0,2,0,4,0,0,1,,0.4,0.6,1,1,org.eclipse.help.ui.internal.browser.aix
org.eclipse.help.ui.internal.browser.hpux,0,2,0,4,0,0,1,,0.4,0.6,1,1,org.eclipse.help.ui.internal.browser.hpux
org.eclipse.help.ui.internal.browser.linux,0,2,0,6,0,0,1,,0.25,0.5,1,1,org.eclipse.help.ui.internal.browser.linux
org.eclipse.help.ui.internal.browser.solaris,0,2,0,4,0,0,1,,0.4,0.6,1,1,org.eclipse.help.ui.internal.browser.solaris
org.eclipse.help.ui.internal.browser.win32,2,9,0.285714286,17,0,0,0.714285714,,0.173076923,0.769230769,1,1,org.eclipse.help.ui.internal.browser.win32
org.eclipse.help.ui.internal.search,1,5,0,23,0,0,1,,0.145454545,0.654545455,1,1,org.eclipse.help.ui.internal.search
org.eclipse.help.ui.internal.util,0,8,0,15,8,0.652173913,0.347826087,,0.163265306,0.632653061,1,0.979591837,org.eclipse.help.ui.internal.util
org.eclipse.jdi,0,3,0.5,5,5,0.5,0,,0,0.333333333,1,0.916666667,org.eclipse.jdi
org.eclipse.jdi.hcr,0,6,5,3,3,0.5,4.5,,0,0.5,1,1,org.eclipse.jdi.hcr
org.eclipse.jdi.internal,16,45,0.184210526,20,5,0.8,0.015789474,,0.251396648,0.927374302,0.87150838,0.972067039,org.eclipse.jdi.internal
org.eclipse.jdi.internal.connect,4,11,0.375,10,2,0.833333333,0.208333333,,0.392857143,0.785714286,0.928571429,0.964285714,org.eclipse.jdi.internal.connect
org.eclipse.jdi.internal.event,2,21,0.166666667,12,2,0.857142857,0.023809524,,0.259259259,0.901234568,0.975308642,0.975308642,org.eclipse.jdi.internal.event
org.eclipse.jdi.internal.jdwp,0,19,0.117647059,6,4,0.6,0.282352941,,0.37254902,0.901960784,0.980392157,0.980392157,org.eclipse.jdi.internal.jdwp
org.eclipse.jdi.internal.request,1,18,0.125,10,2,0.833333333,0.041666667,,0.24,0.92,0.813333333,0.973333333,org.eclipse.jdi.internal.request
org.eclipse.jdi.internal.spy,2,4,0,5,2,0.714285714,0.285714286,,0.222222222,0.888888889,1,1,org.eclipse.jdi.internal.spy
org.eclipse.jdt.core,6,54,3.909090909,18,90,0.166666667,3.075757576,,0.0640625,0.853125,0.9828125,0.9953125,org.eclipse.jdt.core
org.eclipse.jdt.core.compiler,0,4,3,2,33,0.057142857,2.057142857,,0.026315789,0.394736842,1,1,org.eclipse.jdt.core.compiler
org.eclipse.jdt.core.dom,45,89,0.171052632,14,21,0.4,0.428947368,,0.294701987,0.894039735,1,1,org.eclipse.jdt.core.dom
org.eclipse.jdt.core.eval,0,3,0,5,4,0.555555556,0.444444444,,0,0,0,0,org.eclipse.jdt.core.eval
org.eclipse.jdt.core.jdom,0,12,5,4,1,0.8,4.8,,0.538461538,0.923076923,1,1,org.eclipse.jdt.core.jdom
org.eclipse.jdt.core.search,3,6,5,11,29,0.275,4.275,,0.149425287,0.655172414,0.977011494,0.977011494,org.eclipse.jdt.core.search
org.eclipse.jdt.core.util,0,25,7.333333333,1,1,0.5,6.833333333,,0.952380952,0.952380952,1,1,org.eclipse.jdt.core.util
org.eclipse.jdt.debug.core,6,27,26,8,13,0.380952381,25.38095238,,0.263157895,0.789473684,1,0.964912281,org.eclipse.jdt.debug.core
org.eclipse.jdt.debug.eval,0,7,6,6,7,0.461538462,5.461538462,,0.25,0.25,1,1,org.eclipse.jdt.debug.eval
org.eclipse.jdt.debug.ui,1,2,1,8,6,0.571428571,0.571428571,,0.095238095,0.523809524,1,1,org.eclipse.jdt.debug.ui
org.eclipse.jdt.debug.ui.launchConfigurations,5,6,0,31,3,0.911764706,0.088235294,,0,0.745283019,1,0.990566038,org.eclipse.jdt.debug.ui.launchConfigurations
org.eclipse.jdt.internal.codeassist,10,6,2,17,3,0.85,1.85,,0.033333333,0.875,1,0.991666667,org.eclipse.jdt.internal.codeassist
org.eclipse.jdt.internal.codeassist.complete,4,27,0,10,1,0.909090909,0.090909091,,0.303370787,0.887640449,1,1,org.eclipse.jdt.internal.codeassist.complete
org.eclipse.jdt.internal.codeassist.impl,2,3,2,11,3,0.785714286,1.785714286,,0.056603774,0.773584906,1,0.981132075,org.eclipse.jdt.internal.codeassist.impl
org.eclipse.jdt.internal.codeassist.select,2,18,0,10,1,0.909090909,0.090909091,,0.246575342,0.863013699,1,1,org.eclipse.jdt.internal.codeassist.select
org.eclipse.jdt.internal.compiler,5,16,0.777777778,12,23,0.342857143,0.120634921,,0.065,0.87,0.885,0.97,org.eclipse.jdt.internal.compiler
org.eclipse.jdt.internal.compiler.ast,5,88,0.189189189,12,16,0.428571429,0.382239382,,0.329588015,0.928838951,0.883895131,0.97752809,org.eclipse.jdt.internal.compiler.ast
org.eclipse.jdt.internal.compiler.batch,1,6,0,11,2,0.846153846,0.153846154,,0.222222222,0.666666667,1,1,org.eclipse.jdt.internal.compiler.batch
org.eclipse.jdt.internal.compiler.classfmt,1,7,0.4,9,10,0.473684211,0.126315789,,0.175,0.675,1,1,org.eclipse.jdt.internal.compiler.classfmt
org.eclipse.jdt.internal.compiler.codegen,3,17,0.214285714,9,6,0.6,0.185714286,,0.131147541,0.926229508,0.918032787,0.967213115,org.eclipse.jdt.internal.compiler.codegen
org.eclipse.jdt.internal.compiler.env,1,15,14,1,24,0.04,13.04,,0.25,0.625,1,1,org.eclipse.jdt.internal.compiler.env
org.eclipse.jdt.internal.compiler.flow,1,11,0.1,7,4,0.636363636,0.263636364,,0.139240506,0.924050633,0.949367089,0.962025316,org.eclipse.jdt.internal.compiler.flow
org.eclipse.jdt.internal.compiler.impl,1,14,0.272727273,9,20,0.310344828,0.4169279,,0.102803738,0.803738318,0.990654206,0.962616822,org.eclipse.jdt.internal.compiler.impl
org.eclipse.jdt.internal.compiler.lookup,4,41,0.464285714,11,21,0.34375,0.191964286,,0.162055336,0.928853755,0.90513834,0.972332016,org.eclipse.jdt.internal.compiler.lookup
org.eclipse.jdt.internal.compiler.parser,11,18,0.058823529,11,16,0.407407407,0.533769063,,0.091503268,0.862745098,0.960784314,0.980392157,org.eclipse.jdt.internal.compiler.parser
org.eclipse.jdt.internal.compiler.problem,1,10,0.111111111,10,21,0.322580645,0.566308244,,0.055555556,0.851851852,0.759259259,0.969135802,org.eclipse.jdt.internal.compiler.problem
org.eclipse.jdt.internal.compiler.util,1,9,0,5,26,0.161290323,0.838709677,,0.043209877,0.839506173,0.987654321,0.99382716,org.eclipse.jdt.internal.compiler.util
org.eclipse.jdt.internal.core,15,103,0.131868132,31,16,0.659574468,0.2085574,,0.324590164,0.901639344,0.957377049,0.967213115,org.eclipse.jdt.internal.core
org.eclipse.jdt.internal.core.builder,3,21,0.105263158,15,2,0.882352941,0.012383901,,0.318181818,0.818181818,0.984848485,0.984848485,org.eclipse.jdt.internal.core.builder
org.eclipse.jdt.internal.core.eval,0,3,0,11,1,0.916666667,0.083333333,,0.139534884,0.790697674,0.976744186,0.976744186,org.eclipse.jdt.internal.core.eval
org.eclipse.jdt.internal.core.hierarchy,3,9,0.285714286,21,2,0.913043478,0.198757764,,0.081081081,0.846846847,0.981981982,0.981981982,org.eclipse.jdt.internal.core.hierarchy
org.eclipse.jdt.internal.core.index,0,7,6,5,4,0.555555556,5.555555556,,0.25,0.5,1,1,org.eclipse.jdt.internal.core.index
org.eclipse.jdt.internal.core.index.impl,1,34,0.307692308,9,5,0.642857143,0.049450549,,0.472222222,0.888888889,1,0.972222222,org.eclipse.jdt.internal.core.index.impl
org.eclipse.jdt.internal.core.jdom,0,15,0.25,12,2,0.857142857,0.107142857,,0.490909091,0.8,1,0.981818182,org.eclipse.jdt.internal.core.jdom
org.eclipse.jdt.internal.core.search,3,12,0.333333333,14,6,0.7,0.033333333,,0.185185185,0.796296296,0.925925926,0.888888889,org.eclipse.jdt.internal.core.search
org.eclipse.jdt.internal.core.search.indexing,1,15,0.25,19,5,0.791666667,0.041666667,,0.180722892,0.795180723,0.951807229,0.963855422,org.eclipse.jdt.internal.core.search.indexing
org.eclipse.jdt.internal.core.search.matching,6,30,0.153846154,24,2,0.923076923,0.076923077,,0.165745856,0.883977901,0.988950276,0.994475138,org.eclipse.jdt.internal.core.search.matching
org.eclipse.jdt.internal.core.search.processing,0,2,0,5,5,0.5,0.5,,0.047619048,0.714285714,1,0.904761905,org.eclipse.jdt.internal.core.search.processing
org.eclipse.jdt.internal.core.util,2,32,0.185185185,8,3,0.727272727,0.087542088,,0.662162162,0.945945946,1,0.972972973,org.eclipse.jdt.internal.core.util
org.eclipse.jdt.internal.corext,1,3,0,4,21,0.16,0.84,,0.042553191,0.510638298,1,1,org.eclipse.jdt.internal.corext
org.eclipse.jdt.internal.corext.codemanipulation,9,27,0.173913043,17,17,0.5,0.326086957,,0.192,0.752,1,1,org.eclipse.jdt.internal.corext.codemanipulation
org.eclipse.jdt.internal.corext.dom,4,11,0,9,11,0.45,0.55,,0.056737589,0.879432624,1,0.992907801,org.eclipse.jdt.internal.corext.dom
org.eclipse.jdt.internal.corext.javadoc,1,5,0.25,14,9,0.608695652,0.141304348,,0.090909091,0.745454545,0.963636364,0.963636364,org.eclipse.jdt.internal.corext.javadoc
org.eclipse.jdt.internal.corext.refactoring,1,12,0.090909091,14,19,0.424242424,0.484848485,,0.068965517,0.850574713,0.965517241,0.977011494,org.eclipse.jdt.internal.corext.refactoring
org.eclipse.jdt.internal.corext.refactoring.base,2,20,1.222222222,10,19,0.344827586,0.567049808,,0.106918239,0.842767296,0.993710692,0.993710692,org.eclipse.jdt.internal.corext.refactoring.base
org.eclipse.jdt.internal.corext.refactoring.changes,2,29,0.318181818,13,11,0.541666667,0.140151515,,0.186046512,0.852713178,1,0.976744186,org.eclipse.jdt.internal.corext.refactoring.changes
org.eclipse.jdt.internal.corext.refactoring.code,4,9,0,19,2,0.904761905,0.095238095,,0.090163934,0.852459016,1,1,org.eclipse.jdt.internal.corext.refactoring.code
org.eclipse.jdt.internal.corext.refactoring.code.flow,1,20,0.111111111,7,1,0.875,0.013888889,,0.202020202,0.939393939,1,1,org.eclipse.jdt.internal.corext.refactoring.code.flow
org.eclipse.jdt.internal.corext.refactoring.nls,0,8,0,16,2,0.888888889,0.111111111,,0.2,0.783333333,0.983333333,0.983333333,org.eclipse.jdt.internal.corext.refactoring.nls
org.eclipse.jdt.internal.corext.refactoring.nls.changes,0,4,0,10,2,0.833333333,0.166666667,,0.142857143,0.714285714,1,0.964285714,org.eclipse.jdt.internal.corext.refactoring.nls.changes
org.eclipse.jdt.internal.corext.refactoring.rename,6,25,0.041666667,19,5,0.791666667,0.166666667,,0.167938931,0.832061069,1,1,org.eclipse.jdt.internal.corext.refactoring.rename
org.eclipse.jdt.internal.corext.refactoring.reorg,1,12,0.333333333,19,5,0.791666667,0.125,,0.107142857,0.830357143,1,0.991071429,org.eclipse.jdt.internal.corext.refactoring.reorg
org.eclipse.jdt.internal.corext.refactoring.sef,0,6,0,15,1,0.9375,0.0625,,0.114285714,0.8,1,1,org.eclipse.jdt.internal.corext.refactoring.sef
org.eclipse.jdt.internal.corext.refactoring.structure,3,14,0,19,4,0.826086957,0.173913043,,0.138613861,0.801980198,1,0.99009901,org.eclipse.jdt.internal.corext.refactoring.structure
org.eclipse.jdt.internal.corext.refactoring.surround,0,5,0.25,16,2,0.888888889,0.138888889,,0.069444444,0.777777778,1,1,org.eclipse.jdt.internal.corext.refactoring.surround
org.eclipse.jdt.internal.corext.refactoring.tagging,0,4,0,4,4,0.5,0.5,,0,0,0,0,org.eclipse.jdt.internal.corext.refactoring.tagging
org.eclipse.jdt.internal.corext.refactoring.util,1,10,0.111111111,15,13,0.535714286,0.353174603,,0.044247788,0.796460177,1,0.982300885,org.eclipse.jdt.internal.corext.refactoring.util
org.eclipse.jdt.internal.corext.template,2,14,0.555555556,14,10,0.583333333,0.138888889,,0.25,0.714285714,0.964285714,0.982142857,org.eclipse.jdt.internal.corext.template
org.eclipse.jdt.internal.corext.template.java,3,10,0.25,18,5,0.782608696,0.032608696,,0.152542373,0.694915254,0.983050847,0.983050847,org.eclipse.jdt.internal.corext.template.java
org.eclipse.jdt.internal.corext.textmanipulation,2,15,0.363636364,16,17,0.484848485,0.151515152,,0.129310345,0.75,1,1,org.eclipse.jdt.internal.corext.textmanipulation
org.eclipse.jdt.internal.corext.util,1,8,0,12,34,0.260869565,0.739130435,,0.040816327,0.714285714,0.993197279,0.993197279,org.eclipse.jdt.internal.corext.util
org.eclipse.jdt.internal.debug.core,2,4,0.333333333,10,7,0.588235294,0.078431373,,0.25,0.783333333,0.966666667,0.966666667,org.eclipse.jdt.internal.debug.core
org.eclipse.jdt.internal.debug.core.breakpoints,8,9,0.125,12,2,0.857142857,0.017857143,,0.103448276,0.896551724,0.965517241,0.977011494,org.eclipse.jdt.internal.debug.core.breakpoints
org.eclipse.jdt.internal.debug.core.hcr,4,6,0.2,14,1,0.933333333,0.133333333,,0.09375,0.828125,0.984375,0.984375,org.eclipse.jdt.internal.debug.core.hcr
org.eclipse.jdt.internal.debug.core.model,18,27,0.173913043,15,6,0.714285714,0.111801242,,0.277777778,0.895833333,0.965277778,0.979166667,org.eclipse.jdt.internal.debug.core.model
org.eclipse.jdt.internal.debug.eval,0,3,0,12,1,0.923076923,0.076923077,,0.150943396,0.830188679,1,1,org.eclipse.jdt.internal.debug.eval
org.eclipse.jdt.internal.debug.eval.ast.engine,7,11,0.1,12,2,0.857142857,0.042857143,,0.052884615,0.956730769,0.995192308,0.990384615,org.eclipse.jdt.internal.debug.eval.ast.engine
org.eclipse.jdt.internal.debug.eval.ast.instructions,3,74,0.104477612,10,1,0.909090909,0.013568521,,0.732673267,0.930693069,0.99009901,0.99009901,org.eclipse.jdt.internal.debug.eval.ast.instructions
org.eclipse.jdt.internal.debug.ui,21,38,0.117647059,49,6,0.890909091,0.00855615,,0.130434783,0.854037267,0.99068323,0.99378882,org.eclipse.jdt.internal.debug.ui
org.eclipse.jdt.internal.debug.ui.actions,14,64,0.185185185,45,2,0.957446809,0.142631994,,0.207119741,0.86407767,0.996763754,0.996763754,org.eclipse.jdt.internal.debug.ui.actions
org.eclipse.jdt.internal.debug.ui.display,1,11,0.1,32,2,0.941176471,0.041176471,,0.069767442,0.76744186,0.992248062,0.984496124,org.eclipse.jdt.internal.debug.ui.display
org.eclipse.jdt.internal.debug.ui.launcher,10,35,0.166666667,43,3,0.934782609,0.101449275,,0.134328358,0.815920398,0.910447761,0.990049751,org.eclipse.jdt.internal.debug.ui.launcher
org.eclipse.jdt.internal.debug.ui.snippeteditor,4,18,0.125,49,2,0.960784314,0.085784314,,0.069124424,0.801843318,0.99078341,0.99078341,org.eclipse.jdt.internal.debug.ui.snippeteditor
org.eclipse.jdt.internal.eval,3,28,0.12,17,2,0.894736842,0.014736842,,0.207407407,0.881481481,1,1,org.eclipse.jdt.internal.eval
org.eclipse.jdt.internal.formatter,6,1,0,8,1,0.888888889,0.111111111,,0,0.375,1,0.875,org.eclipse.jdt.internal.formatter
org.eclipse.jdt.internal.formatter.impl,0,2,0,3,1,0.75,0.25,,0,0,1,1,org.eclipse.jdt.internal.formatter.impl
org.eclipse.jdt.internal.junit.launcher,0,7,0.4,32,1,0.96969697,0.36969697,,0.070707071,0.737373737,0.98989899,0.98989899,org.eclipse.jdt.internal.junit.launcher
org.eclipse.jdt.internal.junit.runner,0,3,0.5,7,1,0.875,0.375,,0.5,0.75,1,0.75,org.eclipse.jdt.internal.junit.runner
org.eclipse.jdt.internal.junit.ui,0,21,0.166666667,31,4,0.885714286,0.052380952,,0.14893617,0.80141844,0.992907801,0.985815603,org.eclipse.jdt.internal.junit.ui
org.eclipse.jdt.internal.junit.util,0,9,0,26,2,0.928571429,0.071428571,,0.048192771,0.722891566,0.987951807,0.987951807,org.eclipse.jdt.internal.junit.util
org.eclipse.jdt.internal.junit.wizards,0,9,0.125,37,1,0.973684211,0.098684211,,0.081818182,0.709090909,0.972727273,0.990909091,org.eclipse.jdt.internal.junit.wizards
org.eclipse.jdt.internal.launching,14,23,0,19,2,0.904761905,0.095238095,,0.188118812,0.900990099,0.900990099,0.98019802,org.eclipse.jdt.internal.launching
org.eclipse.jdt.internal.ui,3,22,0.157894737,28,46,0.378378378,0.463726885,,0.047486034,0.829608939,0.938547486,0.974860335,org.eclipse.jdt.internal.ui
org.eclipse.jdt.internal.ui.actions,2,14,0.076923077,37,10,0.787234043,0.135842881,,0.25748503,0.754491018,0.994011976,0.994011976,org.eclipse.jdt.internal.ui.actions
org.eclipse.jdt.internal.ui.browsing,4,12,0.090909091,32,1,0.96969697,0.060606061,,0.076433121,0.808917197,1,1,org.eclipse.jdt.internal.ui.browsing
org.eclipse.jdt.internal.ui.compare,2,25,0.086956522,47,1,0.979166667,0.066123188,,0.142857143,0.744047619,0.994047619,0.994047619,org.eclipse.jdt.internal.ui.compare
org.eclipse.jdt.internal.ui.dialogs,1,13,0.083333333,23,13,0.638888889,0.277777778,,0.099099099,0.711711712,0.990990991,0.990990991,org.eclipse.jdt.internal.ui.dialogs
org.eclipse.jdt.internal.ui.dnd,1,8,0.333333333,14,4,0.777777778,0.111111111,,0.085106383,0.659574468,1,1,org.eclipse.jdt.internal.ui.dnd
org.eclipse.jdt.internal.ui.filters,1,10,0.111111111,18,6,0.75,0.138888889,,0.119402985,0.686567164,1,1,org.eclipse.jdt.internal.ui.filters
org.eclipse.jdt.internal.ui.jarpackager,1,18,0.125,38,1,0.974358974,0.099358974,,0.150943396,0.811320755,1,1,org.eclipse.jdt.internal.ui.jarpackager
org.eclipse.jdt.internal.ui.javadocexport,2,13,0.083333333,43,0,0,0.916666667,,0.112068966,0.706896552,1,1,org.eclipse.jdt.internal.ui.javadocexport
org.eclipse.jdt.internal.ui.javaeditor,7,43,0.194444444,56,25,0.691358025,0.114197531,,0.100244499,0.848410758,0.946210269,0.968215159,org.eclipse.jdt.internal.ui.javaeditor
org.eclipse.jdt.internal.ui.javaeditor.structureselection,1,6,0.2,17,1,0.944444444,0.144444444,,0.171428571,0.571428571,0.971428571,0.971428571,org.eclipse.jdt.internal.ui.javaeditor.structureselection
org.eclipse.jdt.internal.ui.packageview,3,13,0,40,5,0.888888889,0.111111111,,0.060747664,0.827102804,0.990654206,0.985981308,org.eclipse.jdt.internal.ui.packageview
org.eclipse.jdt.internal.ui.preferences,9,23,0,45,20,0.692307692,0.307692308,,0.05106383,0.778723404,0.982978723,0.965957447,org.eclipse.jdt.internal.ui.preferences
org.eclipse.jdt.internal.ui.refactoring,6,42,0.235294118,50,8,0.862068966,0.097363083,,0.179824561,0.785087719,0.99122807,0.978070175,org.eclipse.jdt.internal.ui.refactoring
org.eclipse.jdt.internal.ui.refactoring.actions,1,11,0.1,36,2,0.947368421,0.047368421,,0.084745763,0.720338983,1,0.983050847,org.eclipse.jdt.internal.ui.refactoring.actions
org.eclipse.jdt.internal.ui.refactoring.changes,0,2,0,6,4,0.6,0.4,,0,0.428571429,1,0.928571429,org.eclipse.jdt.internal.ui.refactoring.changes
org.eclipse.jdt.internal.ui.refactoring.code,0,2,0,13,1,0.928571429,0.071428571,,0.09375,0.5625,1,1,org.eclipse.jdt.internal.ui.refactoring.code
org.eclipse.jdt.internal.ui.refactoring.nls,3,7,0,31,1,0.96875,0.03125,,0.113207547,0.726415094,1,1,org.eclipse.jdt.internal.ui.refactoring.nls
org.eclipse.jdt.internal.ui.refactoring.nls.search,0,8,0,34,0,0,1,,0.068627451,0.715686275,1,1,org.eclipse.jdt.internal.ui.refactoring.nls.search
org.eclipse.jdt.internal.ui.refactoring.sef,0,2,0,12,1,0.923076923,0.076923077,,0.088235294,0.588235294,1,1,org.eclipse.jdt.internal.ui.refactoring.sef
org.eclipse.jdt.internal.ui.reorg,2,24,0.142857143,37,4,0.902439024,0.045296167,,0.148387097,0.780645161,1,0.993548387,org.eclipse.jdt.internal.ui.reorg
org.eclipse.jdt.internal.ui.search,5,22,0.047619048,38,5,0.88372093,0.068660022,,0.123529412,0.788235294,0.994117647,0.988235294,org.eclipse.jdt.internal.ui.search
org.eclipse.jdt.internal.ui.text,2,19,0.117647059,23,8,0.741935484,0.140417457,,0.193548387,0.731182796,0.989247312,0.978494624,org.eclipse.jdt.internal.ui.text
org.eclipse.jdt.internal.ui.text.correction,9,23,0,31,1,0.96875,0.03125,,0.132183908,0.844827586,1,0.994252874,org.eclipse.jdt.internal.ui.text.correction
org.eclipse.jdt.internal.ui.text.java,5,22,0.157894737,36,6,0.857142857,0.015037594,,0.146153846,0.730769231,1,0.984615385,org.eclipse.jdt.internal.ui.text.java
org.eclipse.jdt.internal.ui.text.java.hover,0,5,0,21,1,0.954545455,0.045454545,,0.075471698,0.660377358,1,0.981132075,org.eclipse.jdt.internal.ui.text.java.hover
org.eclipse.jdt.internal.ui.text.javadoc,3,6,0,17,3,0.85,0.15,,0.06779661,0.745762712,0.983050847,0.966101695,org.eclipse.jdt.internal.ui.text.javadoc
org.eclipse.jdt.internal.ui.text.link,0,4,0.333333333,18,2,0.9,0.233333333,,0.078431373,0.68627451,1,1,org.eclipse.jdt.internal.ui.text.link
org.eclipse.jdt.internal.ui.text.template,2,6,0,17,5,0.772727273,0.227272727,,0.076923077,0.634615385,1,0.980769231,org.eclipse.jdt.internal.ui.text.template
org.eclipse.jdt.internal.ui.typehierarchy,8,23,0.15,36,2,0.947368421,0.097368421,,0.123655914,0.827956989,0.989247312,0.989247312,org.eclipse.jdt.internal.ui.typehierarchy
org.eclipse.jdt.internal.ui.util,4,13,0,28,32,0.466666667,0.533333333,,0.017316017,0.774891775,0.991341991,0.982683983,org.eclipse.jdt.internal.ui.util
org.eclipse.jdt.internal.ui.viewsupport,5,19,0.055555556,26,20,0.565217391,0.379227053,,0.081481481,0.703703704,0.977777778,0.97037037,org.eclipse.jdt.internal.ui.viewsupport
org.eclipse.jdt.internal.ui.wizards,1,22,0.157894737,35,4,0.897435897,0.055330634,,0.193333333,0.793333333,0.993333333,0.993333333,org.eclipse.jdt.internal.ui.wizards
org.eclipse.jdt.internal.ui.wizards.buildpaths,3,24,0.043478261,35,5,0.875,0.081521739,,0.164383562,0.780821918,1,0.98630137,org.eclipse.jdt.internal.ui.wizards.buildpaths
org.eclipse.jdt.internal.ui.wizards.dialogfields,0,14,0.272727273,10,6,0.625,0.102272727,,0.184210526,0.815789474,1,1,org.eclipse.jdt.internal.ui.wizards.dialogfields
org.eclipse.jdt.internal.ui.workingsets,4,8,0,25,2,0.925925926,0.074074074,,0.093023256,0.709302326,1,1,org.eclipse.jdt.internal.ui.workingsets
org.eclipse.jdt.launching,10,21,1.625,15,14,0.517241379,1.142241379,,0.155963303,0.825688073,0.95412844,0.981651376,org.eclipse.jdt.launching
org.eclipse.jdt.launching.sourcelookup,2,7,0.166666667,15,4,0.789473684,0.043859649,,0.155555556,0.8,0.977777778,0.955555556,org.eclipse.jdt.launching.sourcelookup
org.eclipse.jdt.ui,4,16,0.777777778,29,40,0.420289855,0.198067633,,0.052173913,0.752173913,0.952173913,0.973913043,org.eclipse.jdt.ui
org.eclipse.jdt.ui.actions,8,63,0.05,54,10,0.84375,0.10625,,0.24516129,0.835483871,0.970967742,0.977419355,org.eclipse.jdt.ui.actions
org.eclipse.jdt.ui.jarpackager,0,6,2,12,0,0,1,,0.5,0.777777778,1,1,org.eclipse.jdt.ui.jarpackager
org.eclipse.jdt.ui.text,0,5,1.5,21,13,0.617647059,1.117647059,,0.139534884,0.674418605,0.988372093,0.988372093,org.eclipse.jdt.ui.text
org.eclipse.jdt.ui.text.java.hover,0,1,0,2,1,0.666666667,0.333333333,,0,0,0,0,org.eclipse.jdt.ui.text.java.hover
org.eclipse.jdt.ui.wizards,4,9,0.8,29,4,0.878787879,0.678787879,,0.153225806,0.766129032,1,0.991935484,org.eclipse.jdt.ui.wizards
org.eclipse.jface.action,1,26,1.363636364,12,74,0.139534884,0.503171247,,0.052313883,0.853118712,1,1,org.eclipse.jface.action
org.eclipse.jface.dialogs,1,15,0.875,16,86,0.156862745,0.031862745,,0.021207178,0.838499184,1,1,org.eclipse.jface.dialogs
org.eclipse.jface.operation,0,4,1,6,58,0.09375,0.09375,,0.052631579,0.368421053,1,1,org.eclipse.jface.operation
org.eclipse.jface.preference,3,24,0.6,12,48,0.2,0.2,,0.122340426,0.776595745,0.994680851,0.994680851,org.eclipse.jface.preference
org.eclipse.jface.resource,2,11,0.222222222,10,82,0.108695652,0.669082126,,0.025839793,0.780361757,0.997416021,0.994832041,org.eclipse.jface.resource
org.eclipse.jface.text,0,74,1.242424242,13,57,0.185714286,0.428138528,,0.253623188,0.793478261,1,1,org.eclipse.jface.text
org.eclipse.jface.text.contentassist,0,19,0.9,9,10,0.473684211,0.373684211,,0.266666667,0.783333333,1,1,org.eclipse.jface.text.contentassist
org.eclipse.jface.text.formatter,0,3,2,4,3,0.571428571,1.571428571,,0.166666667,0.75,1,1,org.eclipse.jface.text.formatter
org.eclipse.jface.text.information,0,3,2,6,3,0.666666667,1.666666667,,0.117647059,0.705882353,1,1,org.eclipse.jface.text.information
org.eclipse.jface.text.presentation,0,4,3,4,6,0.4,2.4,,0.157894737,0.736842105,1,1,org.eclipse.jface.text.presentation
org.eclipse.jface.text.reconciler,0,8,1,5,3,0.625,0.625,,0.380952381,0.761904762,1,1,org.eclipse.jface.text.reconciler
org.eclipse.jface.text.rules,1,24,0.5,6,8,0.428571429,0.071428571,,0.348484848,0.818181818,1,1,org.eclipse.jface.text.rules
org.eclipse.jface.text.source,0,22,0.833333333,15,27,0.357142857,0.19047619,,0.213592233,0.67961165,1,1,org.eclipse.jface.text.source
org.eclipse.jface.util,0,7,0.75,8,93,0.079207921,0.170792079,,0.016713092,0.73816156,0.997214485,0.997214485,org.eclipse.jface.util
org.eclipse.jface.viewers,0,56,1.545454545,11,88,0.111111111,0.656565657,,0.0804769,0.865871833,1,1,org.eclipse.jface.viewers
org.eclipse.jface.window,0,3,0.5,14,51,0.215384615,0.284615385,,0.009287926,0.783281734,1,1,org.eclipse.jface.window
org.eclipse.jface.wizard,2,9,3.5,13,36,0.265306122,2.765306122,,0.025723473,0.848874598,1,1,org.eclipse.jface.wizard
org.eclipse.pde.core,0,9,8,4,25,0.137931034,7.137931034,,0.0625,0.5625,1,1,org.eclipse.pde.core
org.eclipse.pde.core.build,0,4,0,3,8,0.272727273,0.727272727,,0,0,0,0,org.eclipse.pde.core.build
org.eclipse.pde.core.plugin,0,17,0,4,19,0.173913043,0.826086957,,0,0,0,0,org.eclipse.pde.core.plugin
org.eclipse.pde.internal,0,4,0.333333333,7,5,0.583333333,0.083333333,,0.129032258,0.774193548,1,1,org.eclipse.pde.internal
org.eclipse.pde.internal.build,0,15,0.666666667,13,2,0.866666667,0.533333333,,0.306122449,0.795918367,1,1,org.eclipse.pde.internal.build
org.eclipse.pde.internal.build.ant,0,6,0.2,3,1,0.75,0.05,,0.6,0.9,1,1,org.eclipse.pde.internal.build.ant
org.eclipse.pde.internal.build.tasks,0,3,0,8,0,0,1,,0,0.733333333,1,1,org.eclipse.pde.internal.build.tasks
org.eclipse.pde.internal.builders,0,9,0.125,15,1,0.9375,0.0625,,0.14516129,0.822580645,1,1,org.eclipse.pde.internal.builders
org.eclipse.pde.internal.core,3,26,0.444444444,19,20,0.487179487,0.068376068,,0.138554217,0.831325301,0.963855422,0.975903614,org.eclipse.pde.internal.core
org.eclipse.pde.internal.core.build,0,7,0.166666667,8,7,0.533333333,0.3,,0.34375,0.6875,1,0.96875,org.eclipse.pde.internal.core.build
org.eclipse.pde.internal.core.feature,0,16,0.142857143,12,5,0.705882353,0.151260504,,0.231884058,0.855072464,0.985507246,0.985507246,org.eclipse.pde.internal.core.feature
org.eclipse.pde.internal.core.ifeature,0,14,0,5,6,0.454545455,0.545454545,,0,0,0,0,org.eclipse.pde.internal.core.ifeature
org.eclipse.pde.internal.core.ischema,0,17,0,4,8,0.333333333,0.666666667,,0,0,0,0,org.eclipse.pde.internal.core.ischema
org.eclipse.pde.internal.core.plugin,0,24,0.411764706,14,9,0.608695652,0.020460358,,0.405940594,0.841584158,0.98019802,0.99009901,org.eclipse.pde.internal.core.plugin
org.eclipse.pde.internal.core.schema,2,19,0.266666667,12,6,0.666666667,0.066666667,,0.2,0.894736842,0.989473684,0.978947368,org.eclipse.pde.internal.core.schema
org.eclipse.pde.internal.runtime,0,3,0,11,2,0.846153846,0.153846154,,0.055555556,0.75,1,0.972222222,org.eclipse.pde.internal.runtime
org.eclipse.pde.internal.runtime.logview,0,9,0,19,0,0,1,,0.142857143,0.714285714,1,1,org.eclipse.pde.internal.runtime.logview
org.eclipse.pde.internal.runtime.registry,0,18,0.2,14,1,0.933333333,0.133333333,,0.264705882,0.838235294,0.985294118,0.985294118,org.eclipse.pde.internal.runtime.registry
org.eclipse.pde.internal.ui,0,7,0.166666667,34,18,0.653846154,0.179487179,,0.024305556,0.861111111,0.989583333,0.975694444,org.eclipse.pde.internal.ui
org.eclipse.pde.internal.ui.codegen,0,3,0.5,9,4,0.692307692,0.192307692,,0.09375,0.6875,1,1,org.eclipse.pde.internal.ui.codegen
org.eclipse.pde.internal.ui.editor,0,31,0.9375,33,6,0.846153846,0.783653846,,0.117408907,0.862348178,1,1,org.eclipse.pde.internal.ui.editor
org.eclipse.pde.internal.ui.editor.build,0,10,0,25,0,0,1,,0.085106383,0.734042553,1,1,org.eclipse.pde.internal.ui.editor.build
org.eclipse.pde.internal.ui.editor.feature,0,43,0.048780488,47,1,0.979166667,0.027947154,,0.179487179,0.820512821,0.995726496,0.995726496,org.eclipse.pde.internal.ui.editor.feature
org.eclipse.pde.internal.ui.editor.manifest,0,56,0.018181818,53,4,0.929824561,0.05199362,,0.171339564,0.84423676,0.996884735,0.99376947,org.eclipse.pde.internal.ui.editor.manifest
org.eclipse.pde.internal.ui.editor.schema,0,34,0.096774194,34,1,0.971428571,0.068202765,,0.17679558,0.828729282,0.994475138,0.994475138,org.eclipse.pde.internal.ui.editor.schema
org.eclipse.pde.internal.ui.editor.text,0,11,0.375,13,6,0.684210526,0.059210526,,0.14,0.7,0.98,0.98,org.eclipse.pde.internal.ui.editor.text
org.eclipse.pde.internal.ui.elements,0,9,0.5,4,9,0.307692308,0.192307692,,0.266666667,0.633333333,1,1,org.eclipse.pde.internal.ui.elements
org.eclipse.pde.internal.ui.feature,0,7,0,36,1,0.972972973,0.027027027,,0.04040404,0.666666667,1,1,org.eclipse.pde.internal.ui.feature
org.eclipse.pde.internal.ui.launcher,0,11,0.222222222,33,1,0.970588235,0.192810458,,0.085470085,0.752136752,1,0.991452991,org.eclipse.pde.internal.ui.launcher
org.eclipse.pde.internal.ui.parts,0,10,0.428571429,12,11,0.52173913,0.049689441,,0.134328358,0.686567164,1,0.985074627,org.eclipse.pde.internal.ui.parts
org.eclipse.pde.internal.ui.preferences,0,9,0,26,5,0.838709677,0.161290323,,0.063157895,0.726315789,1,0.989473684,org.eclipse.pde.internal.ui.preferences
org.eclipse.pde.internal.ui.util,0,13,0.181818182,17,14,0.548387097,0.269794721,,0.092783505,0.711340206,1,1,org.eclipse.pde.internal.ui.util
org.eclipse.pde.internal.ui.view,0,9,0,34,1,0.971428571,0.028571429,,0.089108911,0.712871287,0.99009901,0.99009901,org.eclipse.pde.internal.ui.view
org.eclipse.pde.internal.ui.wizards,0,12,0.714285714,23,10,0.696969697,0.411255411,,0.06779661,0.762711864,1,0.983050847,org.eclipse.pde.internal.ui.wizards
org.eclipse.pde.internal.ui.wizards.extension,0,11,0.1,29,0,0,0.9,,0.1,0.75,1,1,org.eclipse.pde.internal.ui.wizards.extension
org.eclipse.pde.internal.ui.wizards.imports,0,10,0,36,1,0.972972973,0.027027027,,0.069565217,0.72173913,1,1,org.eclipse.pde.internal.ui.wizards.imports
org.eclipse.pde.internal.ui.wizards.project,0,10,0,36,2,0.947368421,0.052631579,,0.067226891,0.714285714,1,1,org.eclipse.pde.internal.ui.wizards.project
org.eclipse.pde.internal.ui.wizards.templates,0,29,0.035714286,32,2,0.941176471,0.023109244,,0.2109375,0.7734375,0.984375,0.9921875,org.eclipse.pde.internal.ui.wizards.templates
org.eclipse.pde.ui,0,6,5,11,6,0.647058824,4.647058824,,0.025,0.7,1,1,org.eclipse.pde.ui
org.eclipse.pde.ui.templates,0,14,2.5,27,2,0.931034483,2.431034483,,0.12962963,0.787037037,1,0.990740741,org.eclipse.pde.ui.templates
org.eclipse.search.internal.core,0,2,1,5,2,0.714285714,0.714285714,,0.166666667,0.166666667,1,1,org.eclipse.search.internal.core
org.eclipse.search.internal.core.text,0,6,0.2,14,1,0.933333333,0.133333333,,0.12195122,0.707317073,1,1,org.eclipse.search.internal.core.text
org.eclipse.search.internal.ui,4,32,0.032258065,31,4,0.885714286,0.08202765,,0.165803109,0.85492228,0.979274611,0.989637306,org.eclipse.search.internal.ui
org.eclipse.search.internal.ui.text,2,9,0,32,0,0,1,,0.067307692,0.740384615,1,1,org.eclipse.search.internal.ui.text
org.eclipse.search.internal.ui.util,0,11,0.1,27,3,0.9,0,,0.020408163,0.755102041,0.989795918,0.989795918,org.eclipse.search.internal.ui.util
org.eclipse.search.ui,0,10,9,11,10,0.523809524,8.523809524,,0.026315789,0.684210526,0.973684211,0.973684211,org.eclipse.search.ui
org.eclipse.swt,3,3,0,3,121,0.024193548,0.975806452,,0.003623188,0.853864734,0.998792271,0.998792271,org.eclipse.swt
org.eclipse.swt.accessibility,0,9,0.8,7,5,0.583333333,0.383333333,,0.25,0.71875,0.96875,0.96875,org.eclipse.swt.accessibility
org.eclipse.swt.custom,29,46,0.243243243,11,67,0.141025641,0.615731116,,0.116504854,0.754045307,1,1,org.eclipse.swt.custom
org.eclipse.swt.dnd,4,77,0.241935484,11,31,0.261904762,0.496159754,,0.167832168,0.713286713,1,1,org.eclipse.swt.dnd
org.eclipse.swt.events,0,42,1.470588235,4,63,0.059701493,0.530289728,,0.233333333,0.727777778,1,0.994444444,org.eclipse.swt.events
org.eclipse.swt.graphics,10,77,0.115942029,12,107,0.100840336,0.783217635,,0.030344828,0.845517241,0.993103448,0.994482759,org.eclipse.swt.graphics
org.eclipse.swt.internal,2,21,0.4,8,18,0.307692308,0.292307692,,0.054054054,0.756756757,0.945945946,0.945945946,org.eclipse.swt.internal
org.eclipse.swt.internal.awt.win32,1,1,0,6,0,0,1,,0,0.666666667,1,1,org.eclipse.swt.internal.awt.win32
org.eclipse.swt.internal.carbon,2,7,0,6,2,0.75,0.25,,0.136363636,0.909090909,0.954545455,0.954545455,org.eclipse.swt.internal.carbon
org.eclipse.swt.internal.gtk,10,64,0,2,4,0.333333333,0.666666667,,0.474226804,0.958762887,1,1,org.eclipse.swt.internal.gtk
org.eclipse.swt.internal.image,0,35,0.09375,5,1,0.833333333,0.072916667,,0.777777778,0.933333333,0.977777778,0.977777778,org.eclipse.swt.internal.image
org.eclipse.swt.internal.motif,3,32,0.103448276,3,6,0.333333333,0.563218391,,0.402777778,0.916666667,1,0.986111111,org.eclipse.swt.internal.motif
org.eclipse.swt.internal.ole.win32,1,50,0,4,2,0.666666667,0.333333333,,0.782608696,0.942028986,1,1,org.eclipse.swt.internal.ole.win32
org.eclipse.swt.internal.photon,2,29,0,1,4,0.2,0.8,,0.408450704,0.943661972,1,1,org.eclipse.swt.internal.photon
org.eclipse.swt.internal.win32,3,66,0,3,8,0.272727273,0.727272727,,0.447552448,0.944055944,1,0.993006993,org.eclipse.swt.internal.win32
org.eclipse.swt.layout,0,8,0,5,75,0.0625,0.9375,,0.015486726,0.829646018,1,0.997787611,org.eclipse.swt.layout
org.eclipse.swt.ole.win32,3,15,0.071428571,8,4,0.666666667,0.261904762,,0.588235294,0.894117647,1,1,org.eclipse.swt.ole.win32
org.eclipse.swt.printing,3,13,0,7,2,0.777777778,0.222222222,,0.136363636,0.636363636,1,1,org.eclipse.swt.printing
org.eclipse.swt.program,0,6,0,10,7,0.588235294,0.411764706,,0.038461538,0.5,1,1,org.eclipse.swt.program
org.eclipse.swt.widgets,88,242,0.125581395,14,134,0.094594595,0.77982401,,0.039228723,0.906914894,0.986702128,0.996675532,org.eclipse.swt.widgets
org.eclipse.team.core,0,6,2,8,22,0.266666667,1.266666667,,0.029850746,0.880597015,0.990049751,0.985074627,org.eclipse.team.core
org.eclipse.team.core.sync,0,5,0,7,11,0.388888889,0.611111111,,0.277777778,0.722222222,1,0.944444444,org.eclipse.team.core.sync
org.eclipse.team.internal.ccvs.core,7,25,2.125,16,13,0.551724138,1.676724138,,0.103773585,0.91509434,0.877358491,0.971698113,org.eclipse.team.internal.ccvs.core
org.eclipse.team.internal.ccvs.core.client,11,41,0.171428571,14,10,0.583333333,0.245238095,,0.372727273,0.872727273,0.954545455,0.954545455,org.eclipse.team.internal.ccvs.core.client
org.eclipse.team.internal.ccvs.core.client.listeners,2,13,0.444444444,9,3,0.75,0.194444444,,0.15625,0.8125,0.96875,0.90625,org.eclipse.team.internal.ccvs.core.client.listeners
org.eclipse.team.internal.ccvs.core.connection,3,10,0,11,6,0.647058824,0.352941176,,0.15,0.833333333,0.916666667,0.95,org.eclipse.team.internal.ccvs.core.connection
org.eclipse.team.internal.ccvs.core.resources,14,15,0.153846154,13,12,0.52,0.326153846,,0.184615385,0.876923077,0.938461538,0.953846154,org.eclipse.team.internal.ccvs.core.resources
org.eclipse.team.internal.ccvs.core.syncinfo,4,4,0,7,10,0.411764706,0.588235294,,0.03125,0.84375,1,0.953125,org.eclipse.team.internal.ccvs.core.syncinfo
org.eclipse.team.internal.ccvs.core.util,6,16,0,12,6,0.666666667,0.333333333,,0.144736842,0.881578947,0.907894737,0.947368421,org.eclipse.team.internal.ccvs.core.util
org.eclipse.team.internal.ccvs.ssh,2,11,0.1,11,0,0,0.9,,0.5,0.818181818,1,1,org.eclipse.team.internal.ccvs.ssh
org.eclipse.team.internal.ccvs.ui,10,58,0.115384615,47,5,0.903846154,0.019230769,,0.151098901,0.887362637,0.978021978,0.986263736,org.eclipse.team.internal.ccvs.ui
org.eclipse.team.internal.ccvs.ui.actions,10,40,0.025641026,27,1,0.964285714,0.01007326,,0.208,0.808,1,0.992,org.eclipse.team.internal.ccvs.ui.actions
org.eclipse.team.internal.ccvs.ui.merge,1,10,0,23,3,0.884615385,0.115384615,,0.117647059,0.752941176,0.988235294,0.964705882,org.eclipse.team.internal.ccvs.ui.merge
org.eclipse.team.internal.ccvs.ui.model,1,21,0.166666667,15,2,0.882352941,0.049019608,,0.338235294,0.808823529,0.985294118,0.985294118,org.eclipse.team.internal.ccvs.ui.model
org.eclipse.team.internal.ccvs.ui.sync,9,12,0.090909091,27,4,0.870967742,0.038123167,,0.203883495,0.757281553,0.970873786,0.970873786,org.eclipse.team.internal.ccvs.ui.sync
org.eclipse.team.internal.ccvs.ui.wizards,4,17,0.0625,32,3,0.914285714,0.023214286,,0.127819549,0.789473684,1,0.984962406,org.eclipse.team.internal.ccvs.ui.wizards
org.eclipse.team.internal.core,0,10,0,8,12,0.4,0.6,,0.117647059,0.705882353,0.921568627,0.960784314,org.eclipse.team.internal.core
org.eclipse.team.internal.core.simpleAccess,0,1,0,3,1,0.75,0.25,,0,0,0,0,org.eclipse.team.internal.core.simpleAccess
org.eclipse.team.internal.core.streams,0,8,0.142857143,4,6,0.4,0.457142857,,0,0.466666667,1,1,org.eclipse.team.internal.core.streams
org.eclipse.team.internal.core.target,1,14,1.8,9,7,0.5625,1.3625,,0.17721519,0.860759494,0.987341772,0.987341772,org.eclipse.team.internal.core.target
org.eclipse.team.internal.ftp,0,3,0,6,3,0.666666667,0.333333333,,0.096774194,0.806451613,1,1,org.eclipse.team.internal.ftp
org.eclipse.team.internal.ftp.client,0,15,0.25,10,1,0.909090909,0.159090909,,0.441176471,0.794117647,1,1,org.eclipse.team.internal.ftp.client
org.eclipse.team.internal.ftp.target,0,6,0,12,1,0.923076923,0.076923077,,0.146341463,0.780487805,1,1,org.eclipse.team.internal.ftp.target
org.eclipse.team.internal.ftp.ui,0,2,0,21,0,0,1,,0.05,0.575,1,1,org.eclipse.team.internal.ftp.ui
org.eclipse.team.internal.ui,1,22,0.294117647,32,8,0.8,0.094117647,,0.135483871,0.812903226,0.980645161,0.987096774,org.eclipse.team.internal.ui
org.eclipse.team.internal.ui.actions,2,3,0.5,17,2,0.894736842,0.394736842,,0.493506494,0.805194805,1,0.987012987,org.eclipse.team.internal.ui.actions
org.eclipse.team.internal.ui.sync,2,10,0.666666667,30,5,0.857142857,0.523809524,,0.158730159,0.753968254,1,1,org.eclipse.team.internal.ui.sync
org.eclipse.team.internal.ui.target,4,26,0.130434783,34,2,0.944444444,0.074879227,,0.15483871,0.793548387,1,1,org.eclipse.team.internal.ui.target
org.eclipse.team.internal.webdav.core,0,8,0,21,1,0.954545455,0.045454545,,0.133333333,0.716666667,1,1,org.eclipse.team.internal.webdav.core
org.eclipse.team.internal.webdav.ui,0,2,0,19,0,0,1,,0.055555556,0.583333333,1,1,org.eclipse.team.internal.webdav.ui
org.eclipse.team.ui,0,4,1,10,7,0.588235294,0.588235294,,0.045454545,0.590909091,1,0.954545455,org.eclipse.team.ui
org.eclipse.tomcat.internal,1,6,0,9,0,0,1,,0.294117647,0.882352941,1,1,org.eclipse.tomcat.internal
org.eclipse.ui,0,81,15.2,21,99,0.175,14.375,,0.037800687,0.776632302,0.996563574,0.993127148,org.eclipse.ui
org.eclipse.ui.actions,2,45,0.216216216,33,38,0.464788732,0.318995051,,0.198142415,0.814241486,0.996904025,0.981424149,org.eclipse.ui.actions
org.eclipse.ui.dialogs,4,38,0.583333333,29,48,0.376623377,0.04004329,,0.110738255,0.781879195,0.996644295,0.989932886,org.eclipse.ui.dialogs
org.eclipse.ui.editors.text,0,14,0.75,24,4,0.857142857,0.607142857,,0.133333333,0.780952381,1,1,org.eclipse.ui.editors.text
org.eclipse.ui.externaltools.internal.core,3,14,0.272727273,18,2,0.9,0.172727273,,0.189189189,0.851351351,0.972972973,0.986486486,org.eclipse.ui.externaltools.internal.core
org.eclipse.ui.externaltools.internal.ui,4,26,0.083333333,31,3,0.911764706,0.004901961,,0.141176471,0.835294118,0.994117647,0.994117647,org.eclipse.ui.externaltools.internal.ui
org.eclipse.ui.externaltools.internal.ui.ant,3,2,0,6,0,0,1,,0,0.333333333,1,1,org.eclipse.ui.externaltools.internal.ui.ant
org.eclipse.ui.help,0,4,0.333333333,11,54,0.169230769,0.497435897,,0.00921659,0.857142857,1,1,org.eclipse.ui.help
org.eclipse.ui.internal,13,188,0.175,47,16,0.746031746,0.078968254,,0.288643533,0.927444795,0.94637224,0.984227129,org.eclipse.ui.internal
org.eclipse.ui.internal.dialogs,5,105,0.105263158,45,10,0.818181818,0.076555024,,0.225974026,0.901298701,0.987012987,0.981818182,org.eclipse.ui.internal.dialogs
org.eclipse.ui.internal.editorsupport,0,1,0,5,1,0.833333333,0.166666667,,0,0,1,1,org.eclipse.ui.internal.editorsupport
org.eclipse.ui.internal.editorsupport.win32,0,1,0,18,0,0,1,,0,0.695652174,1,1,org.eclipse.ui.internal.editorsupport.win32
org.eclipse.ui.internal.misc,0,30,0.111111111,22,7,0.75862069,0.130268199,,0.091503268,0.862745098,0.993464052,0.973856209,org.eclipse.ui.internal.misc
org.eclipse.ui.internal.model,0,15,0.153846154,12,9,0.571428571,0.274725275,,0.2,0.786666667,1,0.96,org.eclipse.ui.internal.model
org.eclipse.ui.internal.registry,1,49,0.139534884,21,5,0.807692308,0.052772809,,0.281437126,0.898203593,0.952095808,0.976047904,org.eclipse.ui.internal.registry
org.eclipse.ui.model,0,4,0.333333333,9,27,0.25,0.416666667,,0.028169014,0.647887324,1,1,org.eclipse.ui.model
org.eclipse.ui.part,1,35,0.75,20,52,0.277777778,0.027777778,,0.091194969,0.783018868,0.993710692,0.993710692,org.eclipse.ui.part
org.eclipse.ui.plugin,0,1,0,10,75,0.117647059,0.882352941,,0,0.692307692,0.992307692,0.992307692,org.eclipse.ui.plugin
org.eclipse.ui.texteditor,2,61,0.487804878,29,33,0.467741935,0.044453186,,0.2,0.843333333,1,0.993333333,org.eclipse.ui.texteditor
org.eclipse.ui.views.bookmarkexplorer,0,10,0.25,22,0,0,0.75,,0.120481928,0.78313253,1,1,org.eclipse.ui.views.bookmarkexplorer
org.eclipse.ui.views.contentoutline,0,3,2,9,6,0.6,1.6,,0.03030303,0.636363636,1,1,org.eclipse.ui.views.contentoutline
org.eclipse.ui.views.framelist,0,12,0.333333333,13,2,0.866666667,0.2,,0.307692308,0.717948718,1,1,org.eclipse.ui.views.framelist
org.eclipse.ui.views.navigator,1,29,0.16,31,3,0.911764706,0.071764706,,0.143564356,0.861386139,1,0.995049505,org.eclipse.ui.views.navigator
org.eclipse.ui.views.properties,1,28,0.555555556,22,12,0.647058824,0.202614379,,0.185430464,0.814569536,1,1,org.eclipse.ui.views.properties
org.eclipse.ui.views.tasklist,1,26,0.181818182,27,4,0.870967742,0.052785924,,0.160493827,0.845679012,1,1,org.eclipse.ui.views.tasklist
org.eclipse.ui.wizards.datatransfer,1,29,0.074074074,28,4,0.875,0.050925926,,0.237704918,0.81147541,1,0.991803279,org.eclipse.ui.wizards.datatransfer
org.eclipse.ui.wizards.newresource,0,5,0.25,20,6,0.769230769,0.019230769,,0.067567568,0.743243243,1,0.972972973,org.eclipse.ui.wizards.newresource
org.eclipse.update.configuration,0,13,12,7,13,0.35,11.35,,0.222222222,0.333333333,1,1,org.eclipse.update.configuration
org.eclipse.update.core,0,44,1.444444444,11,19,0.366666667,0.811111111,,0.304347826,0.862318841,0.934782609,0.985507246,org.eclipse.update.core
org.eclipse.update.core.model,0,18,0.125,10,9,0.526315789,0.348684211,,0.209876543,0.87654321,0.975308642,0.975308642,org.eclipse.update.core.model
org.eclipse.update.internal.core,0,45,0.125,16,8,0.666666667,0.208333333,,0.305555556,0.916666667,0.833333333,0.965277778,org.eclipse.update.internal.core
org.eclipse.update.internal.model,0,9,0,12,2,0.857142857,0.142857143,,0.152173913,0.847826087,0.97826087,0.97826087,org.eclipse.update.internal.model
org.eclipse.update.internal.security,0,5,0,12,2,0.857142857,0.142857143,,0.263157895,0.789473684,1,0.947368421,org.eclipse.update.internal.security
org.eclipse.update.internal.ui,0,6,0,33,10,0.76744186,0.23255814,,0.04,0.752,0.944,0.944,org.eclipse.update.internal.ui
org.eclipse.update.internal.ui.forms,0,25,0.086956522,36,5,0.87804878,0.034994698,,0.156462585,0.795918367,0.986394558,0.972789116,org.eclipse.update.internal.ui.forms
org.eclipse.update.internal.ui.model,0,27,0.35,18,6,0.75,0.1,,0.267326733,0.841584158,0.98019802,0.98019802,org.eclipse.update.internal.ui.model
org.eclipse.update.internal.ui.pages,0,14,0.166666667,6,2,0.75,0.083333333,,0.368421053,0.868421053,0.657894737,0.947368421,org.eclipse.update.internal.ui.pages
org.eclipse.update.internal.ui.parts,0,9,0.285714286,19,5,0.791666667,0.077380952,,0.076923077,0.653846154,0.980769231,0.980769231,org.eclipse.update.internal.ui.parts
org.eclipse.update.internal.ui.preferences,0,2,0,13,4,0.764705882,0.235294118,,0.064516129,0.516129032,0.967741935,0.967741935,org.eclipse.update.internal.ui.preferences
org.eclipse.update.internal.ui.properties,0,3,0,13,1,0.928571429,0.071428571,,0,0.458333333,1,1,org.eclipse.update.internal.ui.properties
org.eclipse.update.internal.ui.search,0,17,0.214285714,27,5,0.84375,0.058035714,,0.171717172,0.757575758,0.98989899,0.96969697,org.eclipse.update.internal.ui.search
org.eclipse.update.internal.ui.security,0,6,0.2,17,2,0.894736842,0.094736842,,0.133333333,0.666666667,0.977777778,0.977777778,org.eclipse.update.internal.ui.security
org.eclipse.update.internal.ui.views,0,6,1,37,3,0.925,0.925,,0.046875,0.734375,0.8984375,0.984375,org.eclipse.update.internal.ui.views
org.eclipse.update.internal.ui.win32.views,0,3,0,13,0,0,1,,0.069767442,0.720930233,1,1,org.eclipse.update.internal.ui.win32.views
org.eclipse.update.internal.ui.wizards,0,15,0.153846154,27,2,0.931034483,0.084880637,,0.138613861,0.772277228,1,0.99009901,org.eclipse.update.internal.ui.wizards
org.eclipse.update.ui.forms.internal,0,30,0.578947368,23,11,0.676470588,0.255417957,,0.126262626,0.863636364,0.994949495,0.994949495,org.eclipse.update.ui.forms.internal
org.eclipse.update.ui.forms.internal.engine,0,20,0.818181818,18,5,0.782608696,0.600790514,,0.292307692,0.753846154,1,0.984615385,org.eclipse.update.ui.forms.internal.engine
org.eclipse.webdav,0,8,7,5,7,0.416666667,6.416666667,,0,0.913043478,1,1,org.eclipse.webdav
org.eclipse.webdav.client,0,14,0.166666667,12,3,0.8,0.033333333,,0.233333333,0.866666667,0.983333333,0.983333333,org.eclipse.webdav.client
org.eclipse.webdav.dom,0,31,0.107142857,5,3,0.625,0.267857143,,0.756097561,0.902439024,1,1,org.eclipse.webdav.dom
org.eclipse.webdav.http.client,0,12,0.714285714,10,3,0.769230769,0.483516484,,0.409090909,0.727272727,0.954545455,0.909090909,org.eclipse.webdav.http.client
org.eclipse.webdav.internal.authentication,1,10,0,10,1,0.909090909,0.090909091,,0.588235294,0.764705882,1,0.941176471,org.eclipse.webdav.internal.authentication
org.eclipse.webdav.internal.kernel,0,34,0.259259259,10,4,0.714285714,0.026455026,,0.632653061,0.87755102,0.979591837,0.979591837,org.eclipse.webdav.internal.kernel
org.eclipse.webdav.internal.kernel.utils,0,11,0.222222222,5,5,0.5,0.277777778,,0.228571429,0.857142857,1,0.971428571,org.eclipse.webdav.internal.kernel.utils
org.eclipse.webdav.internal.utils,0,2,0,6,2,0.75,0.25,,0,0,1,1,org.eclipse.webdav.internal.utils
